{
    "RandomChoice Not Weighted": {
        "accuracy_total": 0.19607843137254902,
        "accuracy_per_class": {
            "MAJOR_DECREASE": 0.29411764705882354,
            "MINOR_DECREASE": 0.24390243902439024,
            "NO_CHANGE": 0.0,
            "MINOR_INCREASE": 0.16129032258064516,
            "MAJOR_INCREASE": 0.0
        },
        "precision": {
            "MAJOR_DECREASE": 0.1724137931034483,
            "MINOR_DECREASE": 0.45454545454545453,
            "NO_CHANGE": 0.0,
            "MINOR_INCREASE": 0.38461538461538464,
            "MAJOR_INCREASE": 0.0
        },
        "recall": {
            "MAJOR_DECREASE": 0.29411764705882354,
            "MINOR_DECREASE": 0.24390243902439024,
            "NO_CHANGE": 0.0,
            "MINOR_INCREASE": 0.16129032258064518,
            "MAJOR_INCREASE": 0.0
        },
        "f1": {
            "MAJOR_DECREASE": 0.2173913043478261,
            "MINOR_DECREASE": 0.31746031746031744,
            "NO_CHANGE": 0,
            "MINOR_INCREASE": 0.2272727272727273,
            "MAJOR_INCREASE": 0
        },
        "percentage_of_each_class_predicted": {
            "MAJOR_DECREASE": 0.28431372549019607,
            "NO_CHANGE": 0.22549019607843138,
            "MINOR_DECREASE": 0.21568627450980393,
            "MAJOR_INCREASE": 0.14705882352941177,
            "MINOR_INCREASE": 0.12745098039215685
        },
        "percentage_of_each_class_dataset": {
            "MINOR_DECREASE": 0.4019607843137255,
            "MINOR_INCREASE": 0.30392156862745096,
            "MAJOR_DECREASE": 0.16666666666666666,
            "MAJOR_INCREASE": 0.08823529411764706,
            "NO_CHANGE": 0.0392156862745098
        }
    },
    "RandomChoice Weighed": {
        "accuracy_total": 0.2647058823529412,
        "accuracy_per_class": {
            "MAJOR_DECREASE": 0.0,
            "MINOR_DECREASE": 0.2926829268292683,
            "NO_CHANGE": 0.25,
            "MINOR_INCREASE": 0.41935483870967744,
            "MAJOR_INCREASE": 0.1111111111111111
        },
        "precision": {
            "MAJOR_DECREASE": 0.0,
            "MINOR_DECREASE": 0.3157894736842105,
            "NO_CHANGE": 0.1111111111111111,
            "MINOR_INCREASE": 0.3333333333333333,
            "MAJOR_INCREASE": 0.08333333333333333
        },
        "recall": {
            "MAJOR_DECREASE": 0.0,
            "MINOR_DECREASE": 0.2926829268292683,
            "NO_CHANGE": 0.25,
            "MINOR_INCREASE": 0.41935483870967744,
            "MAJOR_INCREASE": 0.1111111111111111
        },
        "f1": {
            "MAJOR_DECREASE": 0,
            "MINOR_DECREASE": 0.3037974683544304,
            "NO_CHANGE": 0.15384615384615383,
            "MINOR_INCREASE": 0.3714285714285714,
            "MAJOR_INCREASE": 0.09523809523809525
        },
        "percentage_of_each_class_predicted": {
            "MINOR_INCREASE": 0.38235294117647056,
            "MINOR_DECREASE": 0.37254901960784315,
            "MAJOR_INCREASE": 0.11764705882352941,
            "NO_CHANGE": 0.08823529411764706,
            "MAJOR_DECREASE": 0.0392156862745098
        },
        "percentage_of_each_class_dataset": {
            "MINOR_DECREASE": 0.4019607843137255,
            "MINOR_INCREASE": 0.30392156862745096,
            "MAJOR_DECREASE": 0.16666666666666666,
            "MAJOR_INCREASE": 0.08823529411764706,
            "NO_CHANGE": 0.0392156862745098
        }
    },
    "LR": {
        "accuracy_total": 0.4411764705882353,
        "accuracy_per_class": {
            "MAJOR_DECREASE": 0.0,
            "MINOR_DECREASE": 0.7804878048780488,
            "NO_CHANGE": 0.0,
            "MINOR_INCREASE": 0.41935483870967744,
            "MAJOR_INCREASE": 0.0
        },
        "precision": {
            "MAJOR_DECREASE": 0,
            "MINOR_DECREASE": 0.4383561643835616,
            "NO_CHANGE": 0,
            "MINOR_INCREASE": 0.4482758620689655,
            "MAJOR_INCREASE": 0
        },
        "recall": {
            "MAJOR_DECREASE": 0.0,
            "MINOR_DECREASE": 0.7804878048780487,
            "NO_CHANGE": 0.0,
            "MINOR_INCREASE": 0.41935483870967744,
            "MAJOR_INCREASE": 0.0
        },
        "f1": {
            "MAJOR_DECREASE": 0,
            "MINOR_DECREASE": 0.5614035087719298,
            "NO_CHANGE": 0,
            "MINOR_INCREASE": 0.4333333333333333,
            "MAJOR_INCREASE": 0
        },
        "percentage_of_each_class_predicted": {
            "MINOR_DECREASE": 0.7156862745098039,
            "MINOR_INCREASE": 0.28431372549019607
        },
        "percentage_of_each_class_dataset": {
            "MINOR_DECREASE": 0.4019607843137255,
            "MINOR_INCREASE": 0.30392156862745096,
            "MAJOR_DECREASE": 0.16666666666666666,
            "MAJOR_INCREASE": 0.08823529411764706,
            "NO_CHANGE": 0.0392156862745098
        }
    },
    "LSTM1": {
        "accuracy_total": 0.35294117647058826,
        "accuracy_per_class": {
            "MAJOR_DECREASE": 0.0,
            "MINOR_DECREASE": 0.7804878048780488,
            "NO_CHANGE": 0.0,
            "MINOR_INCREASE": 0.12903225806451613,
            "MAJOR_INCREASE": 0.0
        },
        "precision": {
            "MAJOR_DECREASE": 0,
            "MINOR_DECREASE": 0.39506172839506176,
            "NO_CHANGE": 0,
            "MINOR_INCREASE": 0.1904761904761905,
            "MAJOR_INCREASE": 0
        },
        "recall": {
            "MAJOR_DECREASE": 0.0,
            "MINOR_DECREASE": 0.7804878048780487,
            "NO_CHANGE": 0.0,
            "MINOR_INCREASE": 0.12903225806451613,
            "MAJOR_INCREASE": 0.0
        },
        "f1": {
            "MAJOR_DECREASE": 0,
            "MINOR_DECREASE": 0.5245901639344263,
            "NO_CHANGE": 0,
            "MINOR_INCREASE": 0.15384615384615385,
            "MAJOR_INCREASE": 0
        },
        "percentage_of_each_class_predicted": {
            "MINOR_DECREASE": 0.7941176470588235,
            "MINOR_INCREASE": 0.20588235294117646
        },
        "percentage_of_each_class_dataset": {
            "MINOR_DECREASE": 0.4019607843137255,
            "MINOR_INCREASE": 0.30392156862745096,
            "MAJOR_DECREASE": 0.16666666666666666,
            "MAJOR_INCREASE": 0.08823529411764706,
            "NO_CHANGE": 0.0392156862745098
        }
    },

    "gpt3.5": {
        "accuracy_total": 0.22549019607843138,
        "accuracy_per_class": {
            "MAJOR_DECREASE": 0.0,
            "MINOR_DECREASE": 0.36585365853658536,
            "NO_CHANGE": 0.0,
            "MINOR_INCREASE": 0.25806451612903225,
            "MAJOR_INCREASE": 0.0
        },
        "precision": {
            "MAJOR_DECREASE": 0.0,
            "MINOR_DECREASE": 0.32608695652173914,
            "NO_CHANGE": 0.0,
            "MINOR_INCREASE": 0.22857142857142856,
            "MAJOR_INCREASE": 0.0
        },
        "recall": {
            "MAJOR_DECREASE": 0.0,
            "MINOR_DECREASE": 0.36585365853658536,
            "NO_CHANGE": 0.0,
            "MINOR_INCREASE": 0.25806451612903225,
            "MAJOR_INCREASE": 0.0
        },
        "f1": {
            "MAJOR_DECREASE": 0,
            "MINOR_DECREASE": 0.3448275862068966,
            "NO_CHANGE": 0,
            "MINOR_INCREASE": 0.24242424242424246,
            "MAJOR_INCREASE": 0
        },
        "percentage_of_each_class_predicted": {
            "MINOR_DECREASE": 0.45098039215686275,
            "MINOR_INCREASE": 0.3431372549019608,
            "NO_CHANGE": 0.10784313725490197,
            "MAJOR_INCREASE": 0.049019607843137254,
            "MAJOR_DECREASE": 0.049019607843137254
        },
        "percentage_of_each_class_dataset": {
            "MINOR_DECREASE": 0.4019607843137255,
            "MINOR_INCREASE": 0.30392156862745096,
            "MAJOR_DECREASE": 0.16666666666666666,
            "MAJOR_INCREASE": 0.08823529411764706,
            "NO_CHANGE": 0.0392156862745098
        }
    },