{
    "RandomChoice Weighed": {
        "accuracy_total": 0.3137254901960784,
        "accuracy_per_class": {
            "MAJOR_DECREASE": 0.058823529411764705,
            "MINOR_DECREASE": 0.43902439024390244,
            "NO_CHANGE": 0.25,
            "MINOR_INCREASE": 0.3225806451612903,
            "MAJOR_INCREASE": 0.2222222222222222
        },
        "precision": {
            "MAJOR_DECREASE": 0.16666666666666666,
            "MINOR_DECREASE": 0.4864864864864865,
            "NO_CHANGE": 0.1111111111111111,
            "MINOR_INCREASE": 0.29411764705882354,
            "MAJOR_INCREASE": 0.125
        },
        "recall": {
            "MAJOR_DECREASE": 0.058823529411764705,
            "MINOR_DECREASE": 0.43902439024390244,
            "NO_CHANGE": 0.25,
            "MINOR_INCREASE": 0.32258064516129037,
            "MAJOR_INCREASE": 0.2222222222222222
        },
        "f1": {
            "MAJOR_DECREASE": 0.08695652173913045,
            "MINOR_DECREASE": 0.4615384615384615,
            "NO_CHANGE": 0.15384615384615383,
            "MINOR_INCREASE": 0.30769230769230776,
            "MAJOR_INCREASE": 0.16
        },
        "percentage_of_each_class_predicted": {
            "MINOR_DECREASE": 0.3627450980392157,
            "MINOR_INCREASE": 0.3333333333333333,
            "MAJOR_INCREASE": 0.1568627450980392,
            "NO_CHANGE": 0.08823529411764706,
            "MAJOR_DECREASE": 0.058823529411764705
        },
        "percentage_of_each_class_dataset": {
            "MINOR_DECREASE": 0.4019607843137255,
            "MINOR_INCREASE": 0.30392156862745096,
            "MAJOR_DECREASE": 0.16666666666666666,
            "MAJOR_INCREASE": 0.08823529411764706,
            "NO_CHANGE": 0.0392156862745098
        }
    },
    "LR": {
        "accuracy_total": 0.4411764705882353,
        "accuracy_per_class": {
            "MAJOR_DECREASE": 0.0,
            "MINOR_DECREASE": 0.7804878048780488,
            "NO_CHANGE": 0.0,
            "MINOR_INCREASE": 0.41935483870967744,
            "MAJOR_INCREASE": 0.0
        },
        "precision": {
            "MAJOR_DECREASE": 0,
            "MINOR_DECREASE": 0.4383561643835616,
            "NO_CHANGE": 0,
            "MINOR_INCREASE": 0.4482758620689655,
            "MAJOR_INCREASE": 0
        },
        "recall": {
            "MAJOR_DECREASE": 0.0,
            "MINOR_DECREASE": 0.7804878048780487,
            "NO_CHANGE": 0.0,
            "MINOR_INCREASE": 0.41935483870967744,
            "MAJOR_INCREASE": 0.0
        },
        "f1": {
            "MAJOR_DECREASE": 0,
            "MINOR_DECREASE": 0.5614035087719298,
            "NO_CHANGE": 0,
            "MINOR_INCREASE": 0.4333333333333333,
            "MAJOR_INCREASE": 0
        },
        "percentage_of_each_class_predicted": {
            "MINOR_DECREASE": 0.7156862745098039,
            "MINOR_INCREASE": 0.28431372549019607
        },
        "percentage_of_each_class_dataset": {
            "MINOR_DECREASE": 0.4019607843137255,
            "MINOR_INCREASE": 0.30392156862745096,
            "MAJOR_DECREASE": 0.16666666666666666,
            "MAJOR_INCREASE": 0.08823529411764706,
            "NO_CHANGE": 0.0392156862745098
        }
    },
    "LSTM1": {
        "accuracy_total": 0.35294117647058826,
        "accuracy_per_class": {
            "MAJOR_DECREASE": 0.0,
            "MINOR_DECREASE": 0.7804878048780488,
            "NO_CHANGE": 0.0,
            "MINOR_INCREASE": 0.12903225806451613,
            "MAJOR_INCREASE": 0.0
        },
        "precision": {
            "MAJOR_DECREASE": 0,
            "MINOR_DECREASE": 0.39506172839506176,
            "NO_CHANGE": 0,
            "MINOR_INCREASE": 0.1904761904761905,
            "MAJOR_INCREASE": 0
        },
        "recall": {
            "MAJOR_DECREASE": 0.0,
            "MINOR_DECREASE": 0.7804878048780487,
            "NO_CHANGE": 0.0,
            "MINOR_INCREASE": 0.12903225806451613,
            "MAJOR_INCREASE": 0.0
        },
        "f1": {
            "MAJOR_DECREASE": 0,
            "MINOR_DECREASE": 0.5245901639344263,
            "NO_CHANGE": 0,
            "MINOR_INCREASE": 0.15384615384615385,
            "MAJOR_INCREASE": 0
        },
        "percentage_of_each_class_predicted": {
            "MINOR_DECREASE": 0.7941176470588235,
            "MINOR_INCREASE": 0.20588235294117646
        },
        "percentage_of_each_class_dataset": {
            "MINOR_DECREASE": 0.4019607843137255,
            "MINOR_INCREASE": 0.30392156862745096,
            "MAJOR_DECREASE": 0.16666666666666666,
            "MAJOR_INCREASE": 0.08823529411764706,
            "NO_CHANGE": 0.0392156862745098
        }
    }
}