{
    "RandomChoice": {
        "accuracy_total": 0.19607843137254902,
        "accuracy_per_class": {
            "MAJOR_DECREASE": 0.11764705882352941,
            "MINOR_DECREASE": 0.1951219512195122,
            "NO_CHANGE": 0.75,
            "MINOR_INCREASE": 0.22580645161290322,
            "MAJOR_INCREASE": 0.0
        },
        "precision": {
            "MAJOR_DECREASE": 0.08695652173913043,
            "MINOR_DECREASE": 0.5,
            "NO_CHANGE": 0.15,
            "MINOR_INCREASE": 0.3181818181818182,
            "MAJOR_INCREASE": 0.0
        },
        "recall": {
            "MAJOR_DECREASE": 0.11764705882352941,
            "MINOR_DECREASE": 0.19512195121951217,
            "NO_CHANGE": 0.75,
            "MINOR_INCREASE": 0.22580645161290328,
            "MAJOR_INCREASE": 0.0
        },
        "f1": {
            "MAJOR_DECREASE": 0.09999999999999999,
            "MINOR_DECREASE": 0.2807017543859649,
            "NO_CHANGE": 0.24999999999999997,
            "MINOR_INCREASE": 0.26415094339622647,
            "MAJOR_INCREASE": 0
        },
        "percentage_of_each_class": {
            "MINOR_DECREASE": 0.4019607843137255,
            "MINOR_INCREASE": 0.30392156862745096,
            "MAJOR_DECREASE": 0.16666666666666666,
            "MAJOR_INCREASE": 0.08823529411764706,
            "NO_CHANGE": 0.0392156862745098
        }
    }
}